general_message,candidate_name,first_name,last_name,position,department,start_date,salary,location,location_type,location_city,location_region,location_country,location_country_code,location_remote_policy,email,access_europe,access_north_america,access_south_america,access_africa,access_asia,access_oceania
"Hi team,

Iâ€™m happy to confirm that weâ€™ll be hiring Brian Miller as our new UX Researcher in the Engineering department. His start date is to be determined, but Iâ€™m excited about bringing him on board in our New York, NY, United States office. 

Please reach out to him at brian.miller@company.com to get the ball rolling. Looking forward to seeing how heâ€™ll contribute to the team!",Brian Miller,Brian,Miller,UX Researcher,Engineering,TBD,,"New York, NY, United States",onsite,New York,NY,United States,US,,brian.miller@company.com,0.0,1.0,0.0,0.0,0.0,0.0
"Hey team,

Excited to confirm that weâ€™re bringing Richard Rodriguez on board as our new Data Scientist in the Product department! Heâ€™ll be starting on March 20, 2026, and his base salary will be $116,000. Weâ€™ll be based out of Singapore, Singapore, so let's get everything squared away on HR's end.

Thanks!",Richard Rodriguez,Richard,Rodriguez,Data Scientist,Product,2026-03-20,116000.0,"Singapore, Singapore",onsite,Singapore,,Singapore,SG,,richard.rodriguez@company.com,0.0,0.0,0.0,0.0,1.0,0.0
"Just wanted to confirm that weâ€™re bringing Rachel Johnson on board as our new Legal Counsel. Her start date is ASAP, and she'll be working out of our London, United Kingdom office.  

We'll be offering her a salary of $156,000, and she'll be joining the Marketing department. Can you get the paperwork rolling? Thanks!",Rachel Johnson,Rachel,Johnson,Legal Counsel,Marketing,ASAP,156000.0,"London, United Kingdom",onsite,London,,United Kingdom,UK,,rachel.johnson@company.com,1.0,0.0,0.0,0.0,0.0,0.0
"Subject: Confirmation of New Hire - Amanda Cook

Hi team,

Iâ€™m pleased to confirm that weâ€™ve selected Amanda Cook as our new Marketing Manager for the Engineering department. Sheâ€™ll be starting on January 23, 2026, and will be based in Singapore, Singapore. You can reach her at amanda.cook@company.com.

Thanks for facilitating this process; Iâ€™m looking forward to having Amanda on board! Let me know if you need any further details.

Best,  
[Your Name]",Amanda Cook,Amanda,Cook,Marketing Manager,Engineering,2026-01-23,,"Singapore, Singapore",onsite,Singapore,,Singapore,SG,,amanda.cook@company.com,0.0,0.0,0.0,0.0,1.0,0.0
"Hey team! ðŸŽ‰ Just wanted to drop a quick note to confirm weâ€™re bringing on Melissa Moore as our new Design Intern for the IT department. Sheâ€™ll be starting next month, and her email is melissa.moore@company.com. 

Weâ€™re really excited about this addition, and she'll be based in Warsaw, Poland. Letâ€™s make sure everythingâ€™s set for her onboarding!",Melissa Moore,Melissa,Moore,Design Intern,IT,next month,,"Warsaw, Poland",onsite,Warsaw,,Poland,PL,,melissa.moore@company.com,1.0,0.0,0.0,0.0,0.0,0.0
"Hi team,

Iâ€™m reaching out to confirm that we've extended an offer to Matthew Cook for the Data Engineer position in our IT department. Heâ€™ll be based out of New York, NY, United States, and we expect him to start next month with a salary of $118,000.

Please take the necessary steps to finalize the onboarding process. Let me know if you need any additional information.

Best,  
[Your Name]",Matthew Cook,Matthew,Cook,Data Engineer,IT,next month,118000.0,"New York, NY, United States",onsite,New York,NY,United States,US,,matthew.cook@company.com,0.0,1.0,0.0,0.0,0.0,0.0
"Hi team,

Iâ€™m writing to confirm that we have officially hired John Smith as our new Product Manager in the Engineering department. Heâ€™ll be working remotely (Global) and is set to start on March 1, 2026, with an annual salary of $131,000.

Please proceed with the necessary onboarding steps. Thank you!",John Smith,John,Smith,Product Manager,Engineering,2026-03-01,131000.0,Remote (Global),remote,,,Global,GLOBAL,Global,john.smith@company.com,1.0,1.0,1.0,1.0,1.0,1.0
"Hey team!

Just wanted to give you a quick heads-up that weâ€™ve officially brought on Samuel Miller as our new Product Designer in the Finance department. Super excited about this â€” his starting salary will be $104,000, and heâ€™ll be joining us on November 6, 2025. Letâ€™s get everything rolling for his onboarding! ðŸŒŸ",Samuel Miller,Samuel,Miller,Product Designer,Finance,2025-11-06,104000.0,,,,,,,,,,,,,,
"Subject: Confirmation of New Hire - Carla Jones

Hi team,

Iâ€™m pleased to confirm that weâ€™ve officially hired Carla Jones as our new Legal Counsel for the Product department. Sheâ€™ll be starting on December 21, 2025, with a salary of $189,000. I look forward to seeing the great work sheâ€™ll bring to the team!

Please let me know if you need any additional information or documentation from my end. Thanks!",Carla Jones,Carla,Jones,Legal Counsel,Product,2025-12-21,189000.0,,,,,,,,,,,,,,
"Hey team,

Iâ€™m excited to confirm that weâ€™ve selected Leslie West for the Finance Analyst position. Sheâ€™ll be starting on September 24, 2025, and will be based in New York, NY. Weâ€™re bringing her on at a salary of $186,000.

Thanks for all your help!",Leslie West,Leslie,West,Finance Analyst,HR,2025-09-24,186000.0,"New York, NY, United States",onsite,New York,NY,United States,US,,leslie.west@company.com,0.0,1.0,0.0,0.0,0.0,0.0
"Iâ€™m thrilled to confirm our latest addition to the Finance team: Rebecca Davis, who will be joining us as a Software Engineer II! ðŸ¤© Sheâ€™ll be starting on December 20, 2025, working remotely within EU time zones, and her annual salary will be $88,000.

Can you please get everything set up for her? You can reach out to her at rebecca.davis@company.com if you need any further info. Letâ€™s make her feel welcomed!",Rebecca Davis,Rebecca,Davis,Software Engineer II,Finance,2025-12-20,88000.0,Remote (EU time zones),remote,,,European Union,EU,EU time zones,rebecca.davis@company.com,1.0,0.0,0.0,0.0,0.0,0.0
"Subject: Confirmation of New Hire - Douglas Tyler

Hi [HR Teammate's Name],

Iâ€™m pleased to confirm that weâ€™re moving forward with hiring Douglas Tyler for the Senior Software Engineer position in our Business Intelligence department. His salary will be set at $208,000, and heâ€™ll be working with us out of Boston, MA, United States. 

We still need to finalize his start date, but we can connect on that later. His email will be douglas.tyler@company.com, so feel free to reach out for any preliminaries youâ€™d like to discuss in the meantime. Thanks for your help with this process!

Best,  
[Your Name]",Douglas Tyler,Douglas,Tyler,Senior Software Engineer,Business Intelligence,TBD,208000.0,"Boston, MA, United States",onsite,Boston,MA,United States,US,,douglas.tyler@company.com,0.0,1.0,0.0,0.0,0.0,0.0
"Hey team!

Iâ€™m thrilled to confirm that we've officially brought on board Andrew Pruitt as our new Machine Learning Engineer! He'll be joining the HR department in Berlin, Germany, with a salary of $140,000. Start date is still TBD, but I canâ€™t wait to see what he brings to the team! ðŸŽ‰ 

Letâ€™s make sure he gets all the onboarding details swiftly. His email is andrew.pruitt@company.com, so feel free to reach out as needed!",Andrew Pruitt,Andrew,Pruitt,Machine Learning Engineer,HR,TBD,140000.0,"Berlin, Germany",onsite,Berlin,,Germany,DE,,andrew.pruitt@company.com,1.0,0.0,0.0,0.0,0.0,0.0
"Just wanted to confirm that we've decided to bring Ashley Baker on board as an HR Generalist in the R&D department. She'll be starting on December 14, 2025, and her salary will be $196,000.

Ashley will be working from our San Francisco, CA, United States location. Please go ahead and initiate everything on your end. Thanks!",Ashley Baker,Ashley,Baker,HR Generalist,R&D,2025-12-14,196000.0,"San Francisco, CA, United States",onsite,San Francisco,CA,United States,US,,ashley.baker@company.com,0.0,1.0,0.0,0.0,0.0,0.0
"Hi team, 

Iâ€™m writing to confirm that weâ€™ve successfully hired Mary Mack as our new Regional Operations Manager. Sheâ€™ll be starting on January 29, 2026, and will be based in New York, NY, United States, with a salary of $182,000 in the Design department. 

Please let me know if you need any further information or paperwork from my end. Thanks!",Mary Mack,Mary,Mack,Regional Operations Manager,Design,2026-01-29,182000.0,"New York, NY, United States",onsite,New York,NY,United States,US,,mary.mack@company.com,0.0,1.0,0.0,0.0,0.0,0.0
"Hi team,

I'm writing to confirm that we've successfully hired Matthew Solis for the position of Product Manager in Engineering. He will be starting on October 13, 2025, based out of Toronto, ON, Canada. His annual salary is set at $161,000, and you can reach him at his email, matthew.solis@company.com.

Please ensure all necessary onboarding procedures are in motion. Thank you!",Matthew Solis,Matthew,Solis,Product Manager,Engineering,2025-10-13,161000.0,"Toronto, ON, Canada",onsite,Toronto,ON,Canada,CA,,matthew.solis@company.com,0.0,1.0,0.0,0.0,0.0,0.0
"Hey there! Just wanted to confirm that we've got Jamie Lynch on board as our new Senior Accountant in the Business Intelligence team. Theyâ€™ll be starting on February 16th in our San Francisco, CA, United States office. 

Weâ€™re looking at a salary of $250,000, and I really think they'll bring a lot of growth to the role. Letâ€™s get everything rolling!",Jamie Lynch,Jamie,Lynch,Senior Accountant,Business Intelligence,2026-02-16,250000.0,"San Francisco, CA, United States",onsite,San Francisco,CA,United States,US,,jamie.lynch@company.com,0.0,1.0,0.0,0.0,0.0,0.0
"Hi team,

I'm pleased to confirm that we've hired Alison Pacheco as our new Machine Learning Engineer in the Marketing department, starting on January 17, 2026. Her starting salary will be $131,000.

Let's ensure she has everything she needs for a smooth onboarding process. Looking forward to welcoming her to the team!",Alison Pacheco,Alison,Pacheco,Machine Learning Engineer,Marketing,2026-01-17,131000.0,,,,,,,,,,,,,,
"Hey HR team,

Iâ€™m confirming Leslie Sanders as our new Regional Operations Manager in the Finance department. The salary is set at $217,000, and weâ€™re aiming for an ASAP start date. 

Thanks for getting this all set up!",Leslie Sanders,Leslie,Sanders,Regional Operations Manager,Finance,ASAP,217000.0,,,,,,,,,,,,,,
"Hey team,  
I'm excited to confirm that we've decided to bring Kayla Hunt on board as our new Junior Data Analyst in the Product department. She'll be starting on December 6, 2025, with a salary of $67,000.  

Looking forward to seeing how she'll contribute to our projects! Thanks for handling the next steps!",Kayla Hunt,Kayla,Hunt,Junior Data Analyst,Product,2025-12-06,67000.0,,,,,,,,,,,,,,
"Hi team,

Iâ€™m confirming that weâ€™ve officially agreed to bring on Gail Little as our new Senior Accountant in the Engineering department. The start date is set for February 15, 2026, with a salary of $237,000.

Please proceed with the necessary onboarding steps for her. Thanks!",Gail Little,Gail,Little,Senior Accountant,Engineering,2026-02-15,237000.0,,,,,,,,,,,,,,
"Hi team,

Iâ€™m writing to confirm that weâ€™ve successfully chosen Elizabeth Wu for the Finance Analyst position within the Legal department. Her starting salary will be $149,000, and the location for this role will be Zurich, Switzerland. We are still finalizing her start date, which is currently marked as TBD.

Please proceed with the necessary onboarding steps when you're able, and let me know if you need anything else from my end. Thanks!",Elizabeth Wu,Elizabeth,Wu,Finance Analyst,Legal,TBD,149000.0,"Zurich, Switzerland",onsite,Zurich,,Switzerland,CH,,elizabeth.wu@company.com,1.0,0.0,0.0,0.0,0.0,0.0
"Hey team!

Iâ€™m thrilled to confirm that Todd Barnett will be joining us as an IT Support Contractor starting on October 2, 2025! ðŸŽ‰ Toddâ€™s going to bring a lot to our IT team, and heâ€™ll be earning a solid salary of $78,000. Letâ€™s give him a warm welcome when he comes on board!  

Cheers!",Todd Barnett,Todd,Barnett,IT Support Contractor,IT,2025-10-02,78000.0,,,,,,,,,,,,,,
"Hey team! ðŸŽ‰ 

Iâ€™m thrilled to confirm that weâ€™re bringing on Nicholas Johnson as our new Design Intern! He'll be starting ASAP in the Finance department and will be joining us from Bangalore, KA, India. With a salary of $65,000, Iâ€™m excited to see the creativity and fresh perspective heâ€™ll bring to the team! Letâ€™s give him a warm welcome via nicholas.johnson@company.com!",Nicholas Johnson,Nicholas,Johnson,Design Intern,Finance,ASAP,65000.0,"Bangalore, KA, India",onsite,Bangalore,KA,India,IN,,nicholas.johnson@company.com,0.0,0.0,0.0,0.0,1.0,0.0
"Hey team,

Excited to confirm that weâ€™ll be bringing on Karen White as our new HR Generalist in the Marketing department! She'll be based in Boston, MA, United States, and her starting salary will be $171,000. The exact start date is still TBD. 

Let's get the ball rolling on the paperwork so we can have her onboard as soon as possible!

Thanks!",Karen White,Karen,White,HR Generalist,Marketing,TBD,171000.0,"Boston, MA, United States",onsite,Boston,MA,United States,US,,karen.white@company.com,0.0,1.0,0.0,0.0,0.0,0.0
"Hey, 

I'm excited to confirm that we've officially hired Lori Mcintyre as our new Product Designer in the Finance department! She'll be starting on October 18, 2025, with a salary of $141,000 and will be based in Bangalore, KA, India. Her email address is lori.mcintyre@company.comâ€”let's make sure to set everything up smoothly before she arrives.  

Cheers!",Lori Mcintyre,Lori,Mcintyre,Product Designer,Finance,2025-10-18,141000.0,"Bangalore, KA, India",onsite,Bangalore,KA,India,IN,,lori.mcintyre@company.com,0.0,0.0,0.0,0.0,1.0,0.0
"Hey team!

Iâ€™m thrilled to confirm our latest addition to the Operations team: Dominique Jackson will be joining us as our new Legal Counsel! ðŸŽ‰ Theyâ€™ll start on January 10, 2026, and be based in London, United Kingdom, with a salary of $231,000. 

Canâ€™t wait for you all to meet themâ€”weâ€™re making great strides here!",Dominique Jackson,Dominique,Jackson,Legal Counsel,Operations,2026-01-10,231000.0,"London, United Kingdom",onsite,London,,United Kingdom,UK,,dominique.jackson@company.com,1.0,0.0,0.0,0.0,0.0,0.0
"Hello team,

Iâ€™m writing to confirm that weâ€™ve successfully hired Matthew Myers for the Product Manager position in the Design department. Heâ€™ll be starting on September 28, 2025, in New York, NY, United States, with a salary of $86,000. 

Thank you for setting this up!",Matthew Myers,Matthew,Myers,Product Manager,Design,2025-09-28,86000.0,"New York, NY, United States",onsite,New York,NY,United States,US,,matthew.myers@company.com,0.0,1.0,0.0,0.0,0.0,0.0
"I am writing to confirm the hiring of Charles Bryant as our new Marketing Manager within the Business Intelligence department. He will start on December 3, 2025, and will be based in Berlin, Germany. His annual salary will be $170,000, and I believe he'll be a strong asset to our team.

Please set up his company email as charles.bryant@company.com when you're able. Thank you!",Charles Bryant,Charles,Bryant,Marketing Manager,Business Intelligence,2025-12-03,170000.0,"Berlin, Germany",onsite,Berlin,,Germany,DE,,charles.bryant@company.com,1.0,0.0,0.0,0.0,0.0,0.0
"Hey! 

Iâ€™m thrilled to confirm weâ€™ve officially hired Ashley Rogers as our new HR Generalist. Sheâ€™ll be joining us in Zurich, Switzerland, starting on January 11, 2026, with a salary of $135,000. ðŸŽ‰ Canâ€™t wait for her to bring her expertise to the Design department! 

Letâ€™s get the onboarding process rolling!",Ashley Rogers,Ashley,Rogers,HR Generalist,Design,2026-01-11,135000.0,"Zurich, Switzerland",onsite,Zurich,,Switzerland,CH,,ashley.rogers@company.com,1.0,0.0,0.0,0.0,0.0,0.0
"Hey team! Just wanted to confirm that weâ€™re bringing Jaime Davis on board as our new Machine Learning Engineer in the Business Intelligence department. Heâ€™s set to start on December 21st and will be based in Paris, France.

Weâ€™re offering a salary of $155,000, and Iâ€™m really looking forward to having him on the team. Jaimeâ€™s gonna bring some great energy and skills! ðŸ¥³",Jaime Davis,Jaime,Davis,Machine Learning Engineer,Business Intelligence,2025-12-21,155000.0,"Paris, France",onsite,Paris,,France,FR,,jaime.davis@company.com,1.0,0.0,0.0,0.0,0.0,0.0
"Subject: Confirmation of New Hire

Hi Team,

Iâ€™m pleased to confirm that weâ€™re adding Courtney Smith to our Engineering department as a Machine Learning Engineer. Her starting salary will be $160,000, and she will be working remotely from the location of Remote (US-only). Weâ€™re looking to get her on board ASAP, so letâ€™s make sure everything is in order for her first day.

You can reach her at courtney.smith@company.com if you need any additional information. Thanks for all your help in making this happen!

Best,  
[Your Name]",Courtney Smith,Courtney,Smith,Machine Learning Engineer,Engineering,ASAP,160000.0,Remote (US-only),remote,,,United States,US,US-only,courtney.smith@company.com,0.0,1.0,0.0,0.0,0.0,0.0
"Hey, just wanted to confirm that weâ€™re bringing Michael Perez on board as an IT Support Contractor. His starting salary will be $58,000, and he's set to kick things off ASAP. This will be for the Product department, and he'll be working out of Paris, France.  

Thanks!",Michael Perez,Michael,Perez,IT Support Contractor,Product,ASAP,58000.0,"Paris, France",onsite,Paris,,France,FR,,michael.perez@company.com,1.0,0.0,0.0,0.0,0.0,0.0
"Hey team,

I'm happy to confirm that Amanda Cummings will be joining us as a Product Manager in the Operations department, starting on October 30, 2025. Her salary will be $99,000, and she'll be based in Johannesburg, South Africa. You can reach her at amanda.cummings@company.com.

Letâ€™s make her feel welcome once sheâ€™s on board!",Amanda Cummings,Amanda,Cummings,Product Manager,Operations,2025-10-30,99000.0,"Johannesburg, South Africa",onsite,Johannesburg,,South Africa,ZA,,amanda.cummings@company.com,0.0,0.0,0.0,1.0,0.0,0.0
"Hi team,

Iâ€™d like to confirm that weâ€™ll be bringing on Regina Fowler as our new Product Designer. Her starting salary will be $96,000, and sheâ€™ll officially join us in Warsaw, Poland, on October 28, 2025. 

Please ensure that her email, regina.fowler@company.com, is set up promptly. This addition to the Design department should enhance our capabilities moving forward.  

Thanks!",Regina Fowler,Regina,Fowler,Product Designer,Design,2025-10-28,96000.0,"Warsaw, Poland",onsite,Warsaw,,Poland,PL,,regina.fowler@company.com,1.0,0.0,0.0,0.0,0.0,0.0
"Hey team,

Iâ€™m excited to confirm that weâ€™re bringing on Victoria Maynard as our new Junior Data Analyst in the Engineering department! Sheâ€™ll be starting on November 24th, 2025, and her salary will be $78,000. Victoria will be based in New York, NY, United States, which is fantastic for collaborating with the rest of the team.

Letâ€™s get things rolling for her onboarding process! You can reach her at victoria.maynard@company.com if you need to coordinate any details. Thanks!",Victoria Maynard,Victoria,Maynard,Junior Data Analyst,Engineering,2025-11-24,78000.0,"New York, NY, United States",onsite,New York,NY,United States,US,,victoria.maynard@company.com,0.0,1.0,0.0,0.0,0.0,0.0
"Subject: Confirmation of New Hire - Crystal Hall

Hi team,

Iâ€™m pleased to confirm that weâ€™ve officially hired Crystal Hall as our new Data Scientist in the Marketing department. Sheâ€™ll be starting next month, and her salary will be $122,000. Iâ€™m looking forward to having her join us here in Warsaw, Poland.

Please send over any onboarding materials or initial paperwork when you get a chance, and feel free to reach out to her at crystal.hall@company.com for any pre-start introductions. Thanks for all your help with this process!

Best,  
[Your Name]",Crystal Hall,Crystal,Hall,Data Scientist,Marketing,next month,122000.0,"Warsaw, Poland",onsite,Warsaw,,Poland,PL,,crystal.hall@company.com,1.0,0.0,0.0,0.0,0.0,0.0
"Just wanted to give a quick shoutout regarding our new hire, Timothy Thompson. Heâ€™s joining the AI/ML department as a Senior Accountant, and weâ€™re looking forward to bringing him on board with a starting salary of $250,000. 

For now, the start date is still TBD, but heâ€™ll be based out of Berlin, Germany. Letâ€™s get the onboarding ball rolling!",Timothy Thompson,Timothy,Thompson,Senior Accountant,AI/ML,TBD,250000.0,"Berlin, Germany",onsite,Berlin,,Germany,DE,,timothy.thompson@company.com,1.0,0.0,0.0,0.0,0.0,0.0
"Hey team, 

Iâ€™m excited to confirm that weâ€™re bringing on Victoria Wallace as our new Product Manager in the Design department. Sheâ€™ll be starting on January 23, 2026, and will be based in Sydney, NSW, Australia. Weâ€™ve agreed on a salary of $121,000.

Letâ€™s get the onboarding process rolling so she has a smooth transition into the team! Thanks!",Victoria Wallace,Victoria,Wallace,Product Manager,Design,2026-01-23,121000.0,"Sydney, NSW, Australia",onsite,Sydney,NSW,Australia,AU,,victoria.wallace@company.com,0.0,0.0,0.0,0.0,0.0,1.0
"Hey team,

I'm excited to confirm that weâ€™ve decided to bring Karen Williams on board as our new Data Engineer in the IT department. Sheâ€™ll be starting on October 17th with a salary of $102,000. 

Looking forward to having her join us! Letâ€™s make sure everything is set for her first day.",Karen Williams,Karen,Williams,Data Engineer,IT,2025-10-17,102000.0,,,,,,,,,,,,,,
"Iâ€™d like to confirm the hiring of Dennis Lee for the Software Engineer II position in our Marketing department. He'll be starting on November 25, 2025, and will be located in Toronto, ON, Canada. 

His salary will be set at $137,000. Please ensure the necessary documentation is prepared for onboarding. Thank you.",Dennis Lee,Dennis,Lee,Software Engineer II,Marketing,2025-11-25,137000.0,"Toronto, ON, Canada",onsite,Toronto,ON,Canada,CA,,dennis.lee@company.com,0.0,1.0,0.0,0.0,0.0,0.0
"Hey team, 

Iâ€™m excited to confirm that weâ€™re bringing Jonathan Bell on board as our new Marketing Manager. Heâ€™ll be working out of Mexico City, Mexico, and weâ€™re looking to get him started ASAP. His email is jonathan.bell@company.com, so let's make sure everythingâ€™s set up for him. 

Cheers!",Jonathan Bell,Jonathan,Bell,Marketing Manager,IT,ASAP,,"Mexico City, Mexico",onsite,Mexico City,,Mexico,MX,,jonathan.bell@company.com,0.0,1.0,0.0,0.0,0.0,0.0
"Hey team, 

Iâ€™m excited to let you know weâ€™re bringing Joseph Hamilton on board as our new Senior Accountant! Heâ€™ll be starting on November 22 in San Francisco, CA, with a salary of $257,000. His email will be joseph.hamilton@company.com, so make sure to reach out and welcome him to the Product department.  

Thanks!",Joseph Hamilton,Joseph,Hamilton,Senior Accountant,Product,2025-11-22,257000.0,"San Francisco, CA, United States",onsite,San Francisco,CA,United States,US,,joseph.hamilton@company.com,0.0,1.0,0.0,0.0,0.0,0.0
"Iâ€™m confirming the hire of Robert Rodriguez for the Marketing Manager position in our Operations department. Heâ€™s agreed to a salary of $186,000 and weâ€™re looking for him to start ASAP.

Just a reminder, heâ€™ll be working from our New York, NY, United States location. Please feel free to reach out if you need any further details.",Robert Rodriguez,Robert,Rodriguez,Marketing Manager,Operations,ASAP,186000.0,"New York, NY, United States",onsite,New York,NY,United States,US,,robert.rodriguez@company.com,0.0,1.0,0.0,0.0,0.0,0.0
"Hey team!

Iâ€™m thrilled to announce that we've just onboarded Bryan Kelly as our new Junior Data Analyst in the Legal department! ðŸŽ‰ Heâ€™ll be starting next month and will be based in Singapore, Singapore. Weâ€™ve agreed on a salary of $69,000, and I canâ€™t wait for him to bring his energy and skills into the team!

Letâ€™s make sure he has everything he needs for a smooth startâ€”this is going to be great for our projects! ðŸ˜Š",Bryan Kelly,Bryan,Kelly,Junior Data Analyst,Legal,next month,69000.0,"Singapore, Singapore",onsite,Singapore,,Singapore,SG,,bryan.kelly@company.com,0.0,0.0,0.0,0.0,1.0,0.0
"Hey team!

I'm thrilled to share that we've officially selected Christopher Hamilton for the Data Engineer position in our Product department! Heâ€™ll be joining us in Boston, MA, starting on October 8, 2025, with an annual salary of $142,000. His email is christopher.hamilton@company.com, so feel free to reach out and welcome him aboard! ðŸŽ‰ 

Canâ€™t wait to see the great things heâ€™ll bring to the team. Letâ€™s make sure everything's ready for his first day!",Christopher Hamilton,Christopher,Hamilton,Data Engineer,Product,2025-10-08,142000.0,"Boston, MA, United States",onsite,Boston,MA,United States,US,,christopher.hamilton@company.com,0.0,1.0,0.0,0.0,0.0,0.0
"Hey team,

I'm confirming that we've decided to hire Alan Herrera as our new Legal Counsel in the AI/ML department. His starting salary will be $127,000, and he'll be based in Boston, MA, United States. We're still nailing down the start date, which is TBD for now.

Thanks for moving this along!",Alan Herrera,Alan,Herrera,Legal Counsel,AI/ML,TBD,127000.0,"Boston, MA, United States",onsite,Boston,MA,United States,US,,alan.herrera@company.com,0.0,1.0,0.0,0.0,0.0,0.0
"Subject: Confirmation of New Hire - IT Support Contractor

Hi team,

I'm excited to confirm that we've officially selected Charles Benson for the IT Support Contractor position in our Operations department. Heâ€™ll be starting on November 7, 2025, with an annual salary of $73,000.  

Please proceed with the necessary onboarding steps and let me know if you need anything else from my side. Looking forward to welcoming him aboard!  

Best,  
[Your Name]",Charles Benson,Charles,Benson,IT Support Contractor,Operations,2025-11-07,73000.0,,,,,,,,,,,,,,
"Hi team,

Iâ€™m writing to confirm the hiring of Richard Galloway for the position of Data Scientist in the Product department. Richard will be working remotely (global), and his start date is set for January 30, 2026, with an annual salary of $138,000. 

You can reach him at his email, richard.galloway@company.com, for any onboarding communication. Thanks for your support in bringing him on board!",Richard Galloway,Richard,Galloway,Data Scientist,Product,2026-01-30,138000.0,Remote (Global),remote,,,Global,GLOBAL,Global,richard.galloway@company.com,1.0,1.0,1.0,1.0,1.0,1.0
"Hey team, 

Iâ€™m excited to confirm that weâ€™re bringing on Jose Kennedy as our new Machine Learning Engineer in Mexico City, Mexico. Weâ€™re looking at a salary of $165,000, and he'd be starting ASAP! 

Let me know if you need any additional info to finalize the paperwork.",Jose Kennedy,Jose,Kennedy,Machine Learning Engineer,HR,ASAP,165000.0,"Mexico City, Mexico",onsite,Mexico City,,Mexico,MX,,jose.kennedy@company.com,0.0,1.0,0.0,0.0,0.0,0.0
"Hi team,  

I'm pleased to confirm that weâ€™re moving forward with Karen Rogers for the Marketing Manager position in the IT department. Her start date is set for next month, and she'll be working remotely within the EU time zones. Regarding compensation, her annual salary will be $168,000. Please proceed with the next steps.  

Thanks.",Karen Rogers,Karen,Rogers,Marketing Manager,IT,next month,168000.0,Remote (EU time zones),remote,,,European Union,EU,EU time zones,karen.rogers@company.com,1.0,0.0,0.0,0.0,0.0,0.0
"Hey team! ðŸŒŸ I'm super excited to confirm that we've officially brought on Michael Fowler as our new Finance Analyst in the Finance department, working out of Warsaw, Poland! 

Heâ€™ll be starting ASAP with a salary of $169,000! Canâ€™t wait to have him onboard and see the great things he'll contribute!",Michael Fowler,Michael,Fowler,Finance Analyst,Finance,ASAP,169000.0,"Warsaw, Poland",onsite,Warsaw,,Poland,PL,,michael.fowler@company.com,1.0,0.0,0.0,0.0,0.0,0.0
"Hi team,

Iâ€™m pleased to confirm the hiring of Tara Henson for the Design Intern position in the IT department, starting on February 23, 2026. Sheâ€™ll be working from our office in Tokyo, Japan, and you can reach her at tara.henson@company.com.

Let's ensure she has everything ready for her first day. Thanks!",Tara Henson,Tara,Henson,Design Intern,IT,2026-02-23,,"Tokyo, Japan",onsite,Tokyo,,Japan,JP,,tara.henson@company.com,0.0,0.0,0.0,0.0,1.0,0.0
"Hi team,

Iâ€™m pleased to confirm that weâ€™ve extended an offer to Robert Robbins for the Product Designer position in the Product department. Heâ€™s set to start ASAP and will be based in London, United Kingdom, with an annual salary of $173,000. 

Please ensure that his email, robert.robbins@company.com, is set up in our system. Looking forward to seeing him onboard and contributing to the team soon! Let me know if you need anything else from my side. 

Thanks!",Robert Robbins,Robert,Robbins,Product Designer,Product,ASAP,173000.0,"London, United Kingdom",onsite,London,,United Kingdom,UK,,robert.robbins@company.com,1.0,0.0,0.0,0.0,0.0,0.0
"Hey team!

Iâ€™m thrilled to share that weâ€™ve officially brought on Erika Watson as our new Senior Accountant in the IT department! ðŸŽ‰ With a starting salary of $205,000, sheâ€™ll be kicking off as soon as we can get her onboarded. Letâ€™s give her a warm welcome and ensure everything goes smoothly!

Thanks!",Erika Watson,Erika,Watson,Senior Accountant,IT,ASAP,205000.0,,,,,,,,,,,,,,
"Hi team,

Iâ€™m pleased to confirm that weâ€™re bringing on Jimmy Miller as our new Finance Analyst in the R&D department. Heâ€™ll be starting ASAP and will be working remotely (US-only), with a salary set at $93,000. 

You can reach him at his email, jimmy.miller@company.com. This addition to our team is sure to make a positive impact. Let's get everything set up for his onboarding!",Jimmy Miller,Jimmy,Miller,Finance Analyst,R&D,ASAP,93000.0,Remote (US-only),remote,,,United States,US,US-only,jimmy.miller@company.com,0.0,1.0,0.0,0.0,0.0,0.0
"Hi team,

I'm pleased to confirm that we've decided to bring Natasha Brown on board as our new Legal Counsel in the Marketing department. She'll be starting on October 1, 2025, and her salary will be $210,000. Natasha will be working from Mexico City, Mexico, which I believe is a great location for her.

Please let me know if you need any further information or next steps. Looking forward to having her join us!

Best,  
[Your Name]",Natasha Brown,Natasha,Brown,Legal Counsel,Marketing,2025-10-01,210000.0,"Mexico City, Mexico",onsite,Mexico City,,Mexico,MX,,natasha.brown@company.com,0.0,1.0,0.0,0.0,0.0,0.0
"Subject: Confirmation of New Hire

Hi team,

Iâ€™m pleased to confirm that weâ€™ve completed the hiring process for our new Product Designer, April Medina. Sheâ€™ll be starting on March 8, 2026, in Boston, MA, at a salary of $142,000. April's email is april.medina@company.com, should you need to reach out to her before her start date.

Looking forward to having her on board! Let me know if you need any further details on this. 

Best,  
[Your Name]",April Medina,April,Medina,Product Designer,IT,2026-03-08,142000.0,"Boston, MA, United States",onsite,Boston,MA,United States,US,,april.medina@company.com,0.0,1.0,0.0,0.0,0.0,0.0
"Hey team,

Just a quick note to confirm the hiring of Dustin Rios as our new Finance Analyst in the R&D departmentâ€”start date is set for October 10, 2025. He'll be working remotely (EU time zones) with an annual salary of $129,000. You can reach him at dustin.rios@company.com.

Thanks for getting the ball rolling on this!",Dustin Rios,Dustin,Rios,Finance Analyst,R&D,2025-10-10,129000.0,Remote (EU time zones),remote,,,European Union,EU,EU time zones,dustin.rios@company.com,1.0,0.0,0.0,0.0,0.0,0.0
"Hi team,

I'm confirming that we've decided to hire Ruth Parsons as an HR Generalist in Johannesburg, South Africa. Her starting salary will be 187,000, and weâ€™re looking to have her start ASAP.

Please proceed with the necessary paperwork to finalize this hire. Thank you!",Ruth Parsons,Ruth,Parsons,HR Generalist,HR,ASAP,187000.0,"Johannesburg, South Africa",onsite,Johannesburg,,South Africa,ZA,,ruth.parsons@company.com,0.0,0.0,0.0,1.0,0.0,0.0
"Subject: Confirmation of New Hire - Paul Martinez

Hi Team,

Iâ€™m pleased to confirm that we will be bringing on Paul Martinez as our new Finance Analyst in the AI/ML department. His salary is set at $110,000, and heâ€™ll be starting soon, ideally ASAP. Just a reminder, heâ€™ll be working remotely (US-only), which should make onboarding a bit smoother as we navigate through everything.

Letâ€™s get the ball rolling on any necessary paperwork so that we can welcome him to the team! Thanks, everyone!

Best,  
[Your Name]",Paul Martinez,Paul,Martinez,Finance Analyst,AI/ML,ASAP,110000.0,Remote (US-only),remote,,,United States,US,US-only,paul.martinez@company.com,0.0,1.0,0.0,0.0,0.0,0.0
"Hey team,

Just confirming that we've got Theresa Holmes on board as the new Legal Counsel for our IT department. Sheâ€™ll be starting next month in Warsaw, Poland at a salary of $130,000. Her email is theresa.holmes@company.com if you need to reach out.

Letâ€™s get her set up!",Theresa Holmes,Theresa,Holmes,Legal Counsel,IT,next month,130000.0,"Warsaw, Poland",onsite,Warsaw,,Poland,PL,,theresa.holmes@company.com,1.0,0.0,0.0,0.0,0.0,0.0
"Hey team! ðŸŽ‰ Just wanted to confirm that weâ€™re all set to bring Crystal Pham on board as our new Finance Analyst. She's going to be based in New York, NY, and is starting on November 8, 2025. 

Iâ€™m excited to have her in the Marketing department, and her salary will be $100,000. Let me know if you need anything else from my end!",Crystal Pham,Crystal,Pham,Finance Analyst,Marketing,2025-11-08,100000.0,"New York, NY, United States",onsite,New York,NY,United States,US,,crystal.pham@company.com,0.0,1.0,0.0,0.0,0.0,0.0
"Hi there,

I'm pleased to confirm that weâ€™ve offered the position of Marketing Manager in the Business Intelligence department to Paul Brown. He will be starting on January 20, 2026, at our Paris, France location, with a salary of $131,000. You can reach him at his email, paul.brown@company.com, if you need to touch base with him directly. 

Thanks for your support in bringing him on board! Please let me know if thereâ€™s anything further I need to do.",Paul Brown,Paul,Brown,Marketing Manager,Business Intelligence,2026-01-20,131000.0,"Paris, France",onsite,Paris,,France,FR,,paul.brown@company.com,1.0,0.0,0.0,0.0,0.0,0.0
"Hey team! ðŸŽ‰ Just wanted to confirm that weâ€™re bringing Derek Barnett on board as our new Product Designer in the Marketing department. He'll be starting on December 10, 2025, and weâ€™ve agreed on a salary of $184,000. 

Derekâ€™s based in Tokyo, Japan, and Iâ€™m really excited about what heâ€™ll bring to the team. His email is derek.barnett@company.com, in case anyone needs to reach out. Letâ€™s get him all set up!",Derek Barnett,Derek,Barnett,Product Designer,Marketing,2025-12-10,184000.0,"Tokyo, Japan",onsite,Tokyo,,Japan,JP,,derek.barnett@company.com,0.0,0.0,0.0,0.0,1.0,0.0
"Hey team,

I'm excited to confirm that we've selected Michael Pitts for the Marketing Manager role in Operations! His starting salary will be $97,000, and weâ€™ll finalize his start date soon. 

Looking forward to taking the next steps!",Michael Pitts,Michael,Pitts,Marketing Manager,Operations,TBD,97000.0,,,,,,,,,,,,,,
"Hi team,

Iâ€™m confirming that we've successfully hired Jody Hooper as our new Software Engineer II in the Design department, starting next month. Jody will be based in Berlin, Germany, and the salary for this role is set at $141,000.

Please reach out to Jody at jody.hooper@company.com to finalize any needed documentation and onboarding materials. Thanks!",Jody Hooper,Jody,Hooper,Software Engineer II,Design,next month,141000.0,"Berlin, Germany",onsite,Berlin,,Germany,DE,,jody.hooper@company.com,1.0,0.0,0.0,0.0,0.0,0.0
"Subject: Confirmation of New Hire - Elizabeth Torres

Hi team,

I'm excited to confirm that weâ€™ve officially hired Elizabeth Torres as our new HR Generalist in the Business Intelligence department! Sheâ€™ll be starting on February 9, 2026. Weâ€™ve agreed on a salary of $93,000, and she'll be joining us in New York, NY, United States. You can reach her at elizabeth.torres@company.com.

Please let me know if you need anything else from my end to finalize her onboarding.

Best,  
[Your Name]",Elizabeth Torres,Elizabeth,Torres,HR Generalist,Business Intelligence,2026-02-09,93000.0,"New York, NY, United States",onsite,New York,NY,United States,US,,elizabeth.torres@company.com,0.0,1.0,0.0,0.0,0.0,0.0
"Iâ€™m excited to confirm that weâ€™ll be bringing Kylie Johnson on board as our new Marketing Manager starting January 16, 2026. Sheâ€™ll be joining the Product department and is based out of Warsaw, Poland.

Kylieâ€™s impressive background will be a valuable asset to our team, and her salary will be set at $119,000. You can reach her at kylie.johnson@company.com when everythingâ€™s finalized. Thanks for facilitating this!",Kylie Johnson,Kylie,Johnson,Marketing Manager,Product,2026-01-16,119000.0,"Warsaw, Poland",onsite,Warsaw,,Poland,PL,,kylie.johnson@company.com,1.0,0.0,0.0,0.0,0.0,0.0
"Subject: Confirmation of New Hire - Aimee Savage

Hi Team,

Iâ€™m pleased to confirm the hiring of Aimee Savage as our new Product Manager in the R&D department. Sheâ€™ll be starting on November 1, 2025, with a salary of $183,000. Aimee will be based in Mexico City, Mexico, and her email is aimee.savage@company.com. 

I think sheâ€™s going to be a great addition to the team. Letâ€™s ensure she has everything she needs for a smooth onboarding! 

Best,  
[Your Name]",Aimee Savage,Aimee,Savage,Product Manager,R&D,2025-11-01,183000.0,"Mexico City, Mexico",onsite,Mexico City,,Mexico,MX,,aimee.savage@company.com,0.0,1.0,0.0,0.0,0.0,0.0
"Hey team,

Iâ€™m thrilled to confirm that weâ€™re bringing Xavier Taylor on board as our new Finance Analyst in the Engineering department! Heâ€™ll be starting on January 18, 2026, and will be based in Dublin, Ireland, with a salary of $140,000.

Let's make sure everything's set for his onboarding. You can reach him at xavier.taylor@company.com if you need to touch base ahead of time. Exciting times ahead!

Best,  
[Your Name]",Xavier Taylor,Xavier,Taylor,Finance Analyst,Engineering,2026-01-18,140000.0,"Dublin, Ireland",onsite,Dublin,,Ireland,IE,,xavier.taylor@company.com,1.0,0.0,0.0,0.0,0.0,0.0
"I'm thrilled to confirm that we've finalized the hire of Vincent Gardner as our new Data Scientist. His starting salary will be $142,000, and he'll be joining us ASAP in our Zurich, Switzerland office.

Letâ€™s make sure everythingâ€™s set for his onboarding process. You can reach him at vincent.gardner@company.com if anything comes up!",Vincent Gardner,Vincent,Gardner,Data Scientist,Operations,ASAP,142000.0,"Zurich, Switzerland",onsite,Zurich,,Switzerland,CH,,vincent.gardner@company.com,1.0,0.0,0.0,0.0,0.0,0.0
"Hey team!

Iâ€™m thrilled to announce that weâ€™ve got a fantastic new addition on board! Miguel Barry will be joining us as our HR Generalist, with a starting salary of $157,000. Heâ€™s set to kick off ASAP right here in Warsaw, Poland, and I can't wait for the R&D department to welcome him into the fold. Letâ€™s make sure everythingâ€™s lined up for an incredible start! ðŸŽ‰

Cheers!",Miguel Barry,Miguel,Barry,HR Generalist,R&D,ASAP,157000.0,"Warsaw, Poland",onsite,Warsaw,,Poland,PL,,miguel.barry@company.com,1.0,0.0,0.0,0.0,0.0,0.0
"Hey team!

I'm so excited to share that we've officially welcomed Matthew Nelson as our new Design Intern in the Product department! ðŸŽ‰ Heâ€™ll be starting on October 22, 2025, right here in Berlin, Germany, and his salary has been set at $58,000. Canâ€™t wait to see the creative spark he brings to the team! 

Make sure to reach out to him at matthew.nelson@company.com and give him a warm welcome!",Matthew Nelson,Matthew,Nelson,Design Intern,Product,2025-10-22,58000.0,"Berlin, Germany",onsite,Berlin,,Germany,DE,,matthew.nelson@company.com,1.0,0.0,0.0,0.0,0.0,0.0
"Hey team!

Iâ€™m thrilled to let you know that weâ€™ve officially added William Harris as our new HR Generalist in the Legal department! Heâ€™ll be based in New York, NY, and his starting salary will be $156,000. We're still working on nailing down a start date, but I can't wait for him to join us. His email will be william.harris@company.com, so feel free to reach out to him once heâ€™s onboarded! 

Letâ€™s welcome William to the team! ðŸŽ‰",William Harris,William,Harris,HR Generalist,Legal,TBD,156000.0,"New York, NY, United States",onsite,New York,NY,United States,US,,william.harris@company.com,0.0,1.0,0.0,0.0,0.0,0.0
"Hey team! 

Happy to confirm weâ€™re bringing on Marc Sanders as our new Design Intern in the Operations department. He'll be joining us in Bangalore, KA, India, with a salary of 60,000. Looking for him to start ASAP! You can reach him at marc.sanders@company.com. Let's get this moving!

Thanks!",Marc Sanders,Marc,Sanders,Design Intern,Operations,ASAP,60000.0,"Bangalore, KA, India",onsite,Bangalore,KA,India,IN,,marc.sanders@company.com,0.0,0.0,0.0,0.0,1.0,0.0
"Subject: Confirmation of New Hire: Shawna Miller

Hi team,

Iâ€™m thrilled to confirm that weâ€™ve decided to bring Shawna Miller on board as our new Software Engineer I in the IT department. Sheâ€™ll be joining us in Paris, France, with a start date set for October 24, 2025. 

I believe sheâ€™s going to be a great fit for the team, and Iâ€™m looking forward to seeing her contributions! Please let me know if you need any further details on this transition.

Best,  
[Your Name]",Shawna Miller,Shawna,Miller,Software Engineer I,IT,2025-10-24,,"Paris, France",onsite,Paris,,France,FR,,shawna.miller@company.com,1.0,0.0,0.0,0.0,0.0,0.0
"Subject: New Hire Confirmation for Finance Analyst

Hi Team,  
  
Iâ€™m excited to confirm that weâ€™re bringing James Gonzalez on board as our new Finance Analyst. His start date is ASAP, and the agreed salary is $130,000. I believe heâ€™ll be a great addition to the Finance department!  

Letâ€™s ensure everything is ready on our end for his onboarding. Thanks!",James Gonzalez,James,Gonzalez,Finance Analyst,Finance,ASAP,130000.0,,,,,,,,,,,,,,
"Hey team!

Iâ€™m thrilled to share that weâ€™ve officially brought on Wanda Macdonald as our new Software Engineer I in the AI/ML department! ðŸŽ‰ Sheâ€™ll be starting on January 15, 2026, at our Sydney, NSW, Australia location, with an impressive salary of $142,000. 

Wanda's going to be a fantastic addition to the team, and I canâ€™t wait for everyone to meet her! Letâ€™s get her set up with an email at wanda.macdonald@company.com so we can kick off a great onboarding process.",Wanda Macdonald,Wanda,Macdonald,Software Engineer I,AI/ML,2026-01-15,142000.0,"Sydney, NSW, Australia",onsite,Sydney,NSW,Australia,AU,,wanda.macdonald@company.com,0.0,0.0,0.0,0.0,0.0,1.0
"Hello team,

I'm confirming that we have successfully selected James Cunningham for the Junior Data Analyst position in the Product department. He'll be based in Zurich, Switzerland, and his starting salary will be $83,000. The start date is still to be determined.

Please prepare the necessary paperwork for James, and let me know if you need any additional information. Thanks!",James Cunningham,James,Cunningham,Junior Data Analyst,Product,TBD,83000.0,"Zurich, Switzerland",onsite,Zurich,,Switzerland,CH,,james.cunningham@company.com,1.0,0.0,0.0,0.0,0.0,0.0
"Exciting news! Iâ€™d like to confirm Christopher Stewart as our new Product Designer. He'll be joining us in the Business Intelligence department, starting on February 22, 2026, and will be based in Tokyo, Japan.

Weâ€™ve agreed on a salary of $114,000. Please reach out to him at christopher.stewart@company.com to finalize the onboarding details. Looking forward to seeing him in action!",Christopher Stewart,Christopher,Stewart,Product Designer,Business Intelligence,2026-02-22,114000.0,"Tokyo, Japan",onsite,Tokyo,,Japan,JP,,christopher.stewart@company.com,0.0,0.0,0.0,0.0,1.0,0.0
"Hi team,

Iâ€™m confirming that weâ€™ve officially hired Matthew Medina for the position of Legal Counsel in our IT department. Heâ€™s set to start on March 12, 2026, and will be based in Singapore, Singapore, with an annual salary of $133,000. His email will be matthew.medina@company.com.

Please proceed with the next steps in the onboarding process. Looking forward to integrating him into our team.",Matthew Medina,Matthew,Medina,Legal Counsel,IT,2026-03-12,133000.0,"Singapore, Singapore",onsite,Singapore,,Singapore,SG,,matthew.medina@company.com,0.0,0.0,0.0,0.0,1.0,0.0
"Just wanted to confirm that we've officially hired Sarah Lamb as our new Design Intern. She'll be joining us in Paris, France, with a start date of December 1, 2025, and her annual salary will be $67,000. 

Please reach out to her at sarah.lamb@company.com when you can. Excited to welcome her to the team!",Sarah Lamb,Sarah,Lamb,Design Intern,Design,2025-12-01,67000.0,"Paris, France",onsite,Paris,,France,FR,,sarah.lamb@company.com,1.0,0.0,0.0,0.0,0.0,0.0
"Hey team, 

Just wanted to confirm that weâ€™re bringing on Amanda Hartman as a Senior Software Engineer in the Product department. Her salary will be $223,000, and sheâ€™ll be based in Zurich, Switzerland. Weâ€™ll nail down the exact start date soon.  

You can reach her at amanda.hartman@company.com. Excited to have her on board!",Amanda Hartman,Amanda,Hartman,Senior Software Engineer,Product,TBD,223000.0,"Zurich, Switzerland",onsite,Zurich,,Switzerland,CH,,amanda.hartman@company.com,1.0,0.0,0.0,0.0,0.0,0.0
"Hey team,  

Just wanted to confirm that we've extended an offer to Timothy Cross for the Software Engineer II position in the Legal department. Heâ€™ll be starting on January 18, 2026, and his salary will be $183,000. He's based in Boston, MA, which works perfectly for our setup.  

Thanks!",Timothy Cross,Timothy,Cross,Software Engineer II,Legal,2026-01-18,183000.0,"Boston, MA, United States",onsite,Boston,MA,United States,US,,timothy.cross@company.com,0.0,1.0,0.0,0.0,0.0,0.0
"Subject: Confirmation of New Hire - Kimberly Scott

Hi Team,

Iâ€™m excited to confirm that we've made an offer to Kimberly Scott for the Software Engineer I position in our Design department. Sheâ€™ll be starting on February 6, 2026, with a salary of $149,000, and sheâ€™ll be based in New York, NY, United States.

Please let me know if you need any further details or if there's anything else to arrange as we get her onboarded. Looking forward to having her join the team!

Best,  
[Your Name]",Kimberly Scott,Kimberly,Scott,Software Engineer I,Design,2026-02-06,149000.0,"New York, NY, United States",onsite,New York,NY,United States,US,,kimberly.scott@company.com,0.0,1.0,0.0,0.0,0.0,0.0
"Subject: New Hire Confirmation - Marissa Lane

Hi Team,

Iâ€™m excited to confirm that weâ€™ve officially onboarded Marissa Lane as our new Product Manager in the HR department. Sheâ€™ll be starting on March 14, 2026, and you can reach her at marissa.lane@company.com. 

Letâ€™s make sure everything is in order for her first day in Dublin, Ireland. Looking forward to welcoming her to the team!

Best,  
[Your Name]",Marissa Lane,Marissa,Lane,Product Manager,HR,2026-03-14,,"Dublin, Ireland",onsite,Dublin,,Ireland,IE,,marissa.lane@company.com,1.0,0.0,0.0,0.0,0.0,0.0
"Subject: Confirmation of New Hire - Todd Foster

Hi team,  

Iâ€™m pleased to confirm that we've decided to move forward with Todd Foster as our new Senior Accountant in the HR department. Heâ€™s set to kick off on October 31, 2025, with a starting salary of $149,000. Looking forward to seeing how he contributes to the team!  

Best,  
[Your Name]",Todd Foster,Todd,Foster,Senior Accountant,HR,2025-10-31,149000.0,,,,,,,,,,,,,,
"Hey team! 

Just wanted to give you all a quick heads up that weâ€™re bringing on Jeffrey Mason for the Software Engineer I position in the Engineering department. Heâ€™ll be starting next month at a salary of $90,000. Feel free to reach out to him at jeffrey.mason@company.com if you need anything before he kicks off in Sydney, NSW, Australia!  

Thanks!",Jeffrey Mason,Jeffrey,Mason,Software Engineer I,Engineering,next month,90000.0,"Sydney, NSW, Australia",onsite,Sydney,NSW,Australia,AU,,jeffrey.mason@company.com,0.0,0.0,0.0,0.0,0.0,1.0
"Iâ€™m confirming the hire of David Walters for the HR Generalist position in our R&D department. He'll be located in Zurich, Switzerland, and is set to start on March 1, 2026, at a salary of $124,000.

Please proceed with any necessary onboarding steps to bring him on board. Let me know if you need any further details!",David Walters,David,Walters,HR Generalist,R&D,2026-03-01,124000.0,"Zurich, Switzerland",onsite,Zurich,,Switzerland,CH,,david.walters@company.com,1.0,0.0,0.0,0.0,0.0,0.0
"Subject: Confirmation of New Hire - Rachel Gibbs

Hi Team,

Iâ€™m pleased to confirm that weâ€™re bringing on Rachel Gibbs as our new Design Intern in the Marketing department! She'll be working remotely from January 17, 2026, with a salary of $70,000. I think sheâ€™s going to be a great fit for our team.

Please set up her email at rachel.gibbs@company.com and let me know if you need anything else from my end as we get her onboarded. Thanks!  

Best,  
[Your Name]",Rachel Gibbs,Rachel,Gibbs,Design Intern,Marketing,2026-01-17,70000.0,Remote (Global),remote,,,Global,GLOBAL,Global,rachel.gibbs@company.com,1.0,1.0,1.0,1.0,1.0,1.0
"Iâ€™m thrilled to confirm that weâ€™ll be welcoming Chelsea Simpson to our Operations team as an IT Support Contractor! Sheâ€™ll officially start on September 28, 2025, and her salary is set at â‚¬61,000. 

With her expertise, Iâ€™m confident sheâ€™ll make a fantastic addition to our Dublin, Ireland office! Let's get the ball rolling on her onboardingâ€”here's to new beginnings! ðŸŽ‰",Chelsea Simpson,Chelsea,Simpson,IT Support Contractor,Operations,2025-09-28,61000.0,"Dublin, Ireland",onsite,Dublin,,Ireland,IE,,chelsea.simpson@company.com,1.0,0.0,0.0,0.0,0.0,0.0
"Subject: New Hire Confirmation - Heather Martinez

Hi team,

Iâ€™m pleased to confirm that weâ€™ve brought Heather Martinez on board as our new Design Intern in the Product department. She'll be starting on November 9, 2025, and sheâ€™ll be working out of Johannesburg, South Africa. Her email is heather.martinez@company.com, and she's joining us with an annual salary of $55,000.

Thanks for all your help with this process. Looking forward to welcoming Heather to the team!

Best,  
[Your Name]",Heather Martinez,Heather,Martinez,Design Intern,Product,2025-11-09,55000.0,"Johannesburg, South Africa",onsite,Johannesburg,,South Africa,ZA,,heather.martinez@company.com,0.0,0.0,0.0,1.0,0.0,0.0
"Hi team,

Iâ€™m happy to confirm that we've extended an offer to Brian Hensley for the Software Engineer II position in the Design department. He'll be starting on November 13, 2025, working out of our Tokyo, Japan office, with a salary of $171,000.

Letâ€™s make sure everything is ready for his arrival. Thanks!",Brian Hensley,Brian,Hensley,Software Engineer II,Design,2025-11-13,171000.0,"Tokyo, Japan",onsite,Tokyo,,Japan,JP,,brian.hensley@company.com,0.0,0.0,0.0,0.0,1.0,0.0
"Hey team, weâ€™re bringing Michael Caldwell on board as an HR Generalist in the Legal department, and heâ€™ll be starting on December 22, 2025. Heâ€™ll be based in Berlin, Germany, and his salary will be $153,000.

Letâ€™s make sure everything is set for his arrival. Excited to have him join the team!",Michael Caldwell,Michael,Caldwell,HR Generalist,Legal,2025-12-22,153000.0,"Berlin, Germany",onsite,Berlin,,Germany,DE,,michael.caldwell@company.com,1.0,0.0,0.0,0.0,0.0,0.0
"Just a quick note to confirm weâ€™ve hired Robert Howard for the Machine Learning Engineer position in Finance. 

Heâ€™ll be starting on February 28, 2026, with a salary of $173,000, and his email is robert.howard@company.com. Heâ€™ll be based in San Francisco, CA, United States. Thanks!",Robert Howard,Robert,Howard,Machine Learning Engineer,Finance,2026-02-28,173000.0,"San Francisco, CA, United States",onsite,San Francisco,CA,United States,US,,robert.howard@company.com,0.0,1.0,0.0,0.0,0.0,0.0
"Iâ€™m excited to confirm that weâ€™ve selected Kayla Cooper for the Product Designer role in the R&D department. Sheâ€™ll be based out of our Dublin, Ireland office, and her start date is still to be decided. 

Weâ€™re bringing her on with a salary of â‚¬87,000. I think she'll be a fantastic addition to the team! ðŸ˜Š",Kayla Cooper,Kayla,Cooper,Product Designer,R&D,TBD,87000.0,"Dublin, Ireland",onsite,Dublin,,Ireland,IE,,kayla.cooper@company.com,1.0,0.0,0.0,0.0,0.0,0.0
"Hi team,

Iâ€™m excited to confirm that weâ€™re bringing on Karen Hoover as our IT Support Contractor with a start date of March 12, 2026. Sheâ€™ll be based in Tokyo, Japan, and her salary will be $63,000. 

Letâ€™s ensure everything is ready for her onboarding process!",Karen Hoover,Karen,Hoover,IT Support Contractor,Business Intelligence,2026-03-12,63000.0,"Tokyo, Japan",onsite,Tokyo,,Japan,JP,,karen.hoover@company.com,0.0,0.0,0.0,0.0,1.0,0.0
"Hey Team!

Iâ€™m thrilled to confirm our new hire for the Junior Data Analyst positionâ€”Henry Rowland! Heâ€™s set to join our Legal department in Zurich, Switzerland, with a start date of ASAP. Weâ€™re bringing him on at a competitive salary of $75,000. 

Canâ€™t wait to see him get started and contribute to the team! Letâ€™s make this welcoming process smooth for him. ðŸŽ‰",Henry Rowland,Henry,Rowland,Junior Data Analyst,Legal,ASAP,75000.0,"Zurich, Switzerland",onsite,Zurich,,Switzerland,CH,,henry.rowland@company.com,1.0,0.0,0.0,0.0,0.0,0.0
"Hey team,

Iâ€™m excited to confirm that weâ€™re bringing Bryan Perry on board as a Software Engineer I in the Design department, starting December 23, 2025. Heâ€™ll be based out of Toronto, ON, Canada, with a salary of $197,000. His email will be bryan.perry@company.com.

Looking forward to seeing the impact heâ€™ll make on the team! Letâ€™s get the ball rolling on onboarding.",Bryan Perry,Bryan,Perry,Software Engineer I,Design,2025-12-23,197000.0,"Toronto, ON, Canada",onsite,Toronto,ON,Canada,CA,,bryan.perry@company.com,0.0,1.0,0.0,0.0,0.0,0.0
